Original,Prediction
32.72,34.7876
35.96,37.81296
33.96,31.762243
41.31,40.852917
26.89,28.736883
34.41,33.600815
24.51,25.059738
46.52,46.368633
31.35,29.92367
35.75,36.626175
41.13,41.49011
43.56,42.69149
28.54,28.085096
30.31,32.949028
45.23,44.53006
26.36,26.89831
36.15,38.46475
38.65,39.65153
41.54,43.32868
22.67,23.476696
