Original,Prediction
50.05,46.978348
39.23,43.57709
36.96,38.16062
34.08,33.70981
22.57,22.880789
50.79,47.33802
43.55,44.55626
39.4,40.105442
36.09,35.65463
25.26,24.875378
51.33,49.28284
44.8,46.50108
41.82,42.050266
39.35,37.599445
27.92,26.869967
53.66,53.2819
46.43,48.4459
42.86,43.995083
40.89,39.54427
28.78,29.029325
