Original,Prediction
39.4,39.37817
39.23,39.243782
39.35,38.744503
50.05,50.11929
28.78,28.701527
40.89,41.184216
25.26,25.270035
53.66,53.62959
36.09,36.304787
41.82,41.794525
44.8,44.78174
50.79,50.656857
34.08,33.86507
36.96,36.961823
51.33,51.194424
27.92,26.985777
42.86,44.21087
43.55,41.98584
46.43,47.57763
22.57,23.554296
